{
    "correction": [
        "initial",
        "clustering",
        "clustering",
        "clustering",
        "clustering",
        "clustering",
        "clustering",
        "clustering",
        "clustering",
        "clustering"
    ],
    "der_log": [
        5.3381988015127275,
        5.3381988015127275,
        8.141532026483736,
        11.463649859670776,
        14.211853754212566,
        19.690246307553927,
        25.867711279433912,
        25.867711279433912,
        28.227571708765414,
        40.348439040776725
    ],
    "time": 738.2639999999998
}