{
    "correction": [
        "initial",
        "separation",
        "clustering",
        "clustering",
        "not_clustering",
        "not_clustering",
        "not_clustering",
        "not_clustering"
    ],
    "der_log": [
        5.655158588255686,
        11.131248442291641,
        11.131248442291641,
        13.879452336833431,
        13.879452336833431,
        13.879452336833431,
        13.879452336833431,
        13.879452336833431
    ],
    "time": 738.2639999999998
}