{
    "time": 738.2639999999998,
    "der_log": [
        70.3070988155998
    ],
    "correction": [
        "initial"
    ]
}